{"habitatType":["Agricultural","Semi-natural","Urban"],"response":[{"response":["restoration","EcoIntensification","natureProtection"],"state":[{"state":["habitatResources","pestsAndWeeds","wildPollinators"],"mean":[4.23529411764706,2.78125,4.61764705882353],"min":[2,1,4],"max":[5,5,5],"sd":[0.7807852895958,1.00753211747415,0.493270218056382],"values":[[4,4,5,4,4,5,5,5,5,5,4,4,5,4,4,5,5,5,4,2,5,4,4,3,5,4,4,4,3,4,4,5,4,4,4,4,4,4,5,3,4,5,3,5,4,4,5,4,4,4,4,5,5,4,4,4,5,5,4,4,3,3,5,4,4,4,5,5,3,4,4,5,5,5,5,5,4,4,4,4,5,4,4,5,4,3,4,5,4,5,5,5,5,5,5,5,5,5,5,5],[4,1,4,1,4,4,4,2,4,5,4,4,4,4,2,3,2,5,3,4,3,5,3,3,3,2,4,4,1,3,3,3,4,3,2,3,3,4,3,4,3,4,2,4,3,2,3,3,3,2,2,4,2,4,4,3,1,4,3,2,3,3,4,1,4,3,1,3,3,3,4,5,2,1,3,3,3,2,2,2,4,3,3,4,3,2,2,3,4,2,4,3,2,5,4,4,5,1,1,5],[5,5,5,4,5,5,4,5,5,5,4,4,5,5,4,4,4,5,5,5,5,5,5,4,5,5,5,5,5,4,4,5,5,4,5,5,5,5,4,5,5,4,4,5,4,5,5,5,5,4,5,5,4,4,4,4,4,5,5,5,4,5,5,5,4,4,4,4,4,5,4,4,5,5,5,4,4,4,5,5,5,5,5,4,5,4,4,5,5,4,4,5,4,5,5,4,5,5,5,5]]},{"state":["habitatResources","pestsAndWeeds","wildPollinators"],"mean":[3,2.66666666666667,3.51515151515152],"min":[1,1,2],"max":[5,4,5],"sd":[0.968245836551854,0.802295557085754,0.870388279778489],"values":[[3,3,2,4,4,4,4,4,3,3,3,4,3,3,3,3,3,3,2,4,2,3,3,2,2,2,4,2,2,3,5,4,3,1,4,5,2,2,4,4,3,1,3,3,3,4,3,4,3,3,1,2,2,4,2,3,3,3,3,1,3,3,3,2,3,2,1,3,2,4,3,3,4,3,3,3,3,2,2,3,4,4,3,4,2,4,2,3,3,4,3,3,3,3,1,3,4,2,3,3],[4,1,2,3,2,2,3,2,2,3,2,4,2,4,2,3,3,2,3,3,3,3,1,3,2,3,3,2,4,4,3,1,3,4,4,2,3,3,3,3,3,3,2,3,3,2,2,3,2,4,3,2,3,1,4,2,3,4,2,2,2,1,2,3,3,2,2,2,2,4,3,3,3,3,2,3,3,2,4,3,2,3,3,3,2,2,3,4,2,3,2,3,3,4,4,4,4,4,4,4],[5,4,4,4,2,3,4,3,4,5,3,3,4,3,5,3,4,4,3,5,4,5,4,2,4,3,4,3,4,4,3,5,3,3,3,3,3,3,4,5,4,4,4,4,5,4,3,4,3,3,4,4,4,4,5,3,4,2,4,4,4,2,4,2,4,4,3,4,4,4,3,4,5,2,3,2,3,2,4,4,3,2,4,4,5,4,3,3,4,4,4,3,5,4,2,2,4,5,5,2]]},{"state":["habitatResources","pestsAndWeeds","wildPollinators"],"mean":[3.32352941176471,2.15625,3.67647058823529],"min":[2,0,3],"max":[5,5,5],"sd":[0.726994153421287,0.954087133371222,0.638207159076591],"values":[[3,3,4,2,4,2,3,3,4,4,2,2,4,4,4,4,3,3,4,3,5,2,4,4,3,4,2,3,4,3,3,4,3,2,2,3,3,3,3,2,4,3,3,3,4,3,5,3,4,4,3,4,3,3,4,3,4,4,3,2,3,3,4,3,2,3,3,3,3,2,4,4,4,4,3,3,3,4,3,2,5,2,4,4,3,3,2,3,5,4,3,4,4,4,3,3,2,3,4,2],[3,2,2,1,3,2,2,3,3,3,1,4,3,2,4,2,2,3,1,1,3,2,3,1,2,1,2,2,2,2,1,2,3,1,2,2,1,2,2,3,2,3,3,3,4,3,1,4,1,3,2,1,1,2,2,4,3,3,2,2,2,2,4,1,3,2,1,3,3,2,3,3,2,3,0,1,3,3,1,4,4,1,1,2,3,1,2,3,4,1,3,2,1,3,3,2,2,4,3,0],[3,4,4,4,3,5,4,5,4,4,3,4,4,4,3,4,4,4,3,4,4,4,3,3,4,4,3,4,3,4,4,4,3,4,3,3,3,4,4,3,3,4,5,5,4,4,3,4,3,4,5,4,3,4,3,4,4,3,4,3,4,3,5,4,4,3,4,3,4,4,5,3,5,3,3,4,4,3,4,5,5,3,4,4,4,4,4,4,3,4,4,4,4,3,3,3,3,3,3,3]]}]},{"response":["restoration","natureProtection"],"state":[{"state":["habitatResources","pestsAndWeeds","wildPollinators"],"mean":[4.24242424242424,2.37931034482759,4.54545454545455],"min":[2,1,2],"max":[5,5,5],"sd":[0.791766341412629,0.941647230861517,0.753778361444409],"values":[[4,4,5,3,4,4,4,5,3,5,5,4,5,5,4,5,5,3,3,4,3,3,4,5,4,4,3,4,4,4,5,3,5,3,5,4,5,4,5,5,4,5,4,3,5,2,5,4,5,5,4,4,4,4,4,3,4,5,4,4,4,4,4,2,5,4,4,4,4,5,5,4,5,3,4,3,4,4,5,4,5,4,5,5,4,4,4,4,4,5,4,4,3,4,5,5,5,5,5,5],[1,1,2,1,3,2,4,4,4,2,3,3,3,2,3,2,4,3,2,2,4,3,3,3,1,3,2,3,3,2,3,3,1,3,2,1,3,3,2,3,3,2,2,3,3,1,1,2,3,2,4,3,5,4,4,1,4,3,2,1,1,3,3,4,2,4,3,4,4,3,2,2,3,2,1,2,1,3,2,3,2,3,3,2,4,4,4,1,2,3,3,2,2,2,1,3,2,4,1,1],[5,5,5,5,4,5,5,4,5,5,5,4,5,5,5,5,5,5,5,4,5,4,4,5,4,4,5,4,5,4,4,5,4,3,4,4,4,4,5,4,5,4,4,4,4,5,4,5,4,4,5,4,5,5,5,5,5,5,3,5,5,4,3,5,4,3,4,5,4,5,5,3,4,5,4,5,3,3,4,3,4,4,3,5,5,5,4,5,3,3,4,5,5,5,5,5,5,5,5,5]]},{"state":["habitatResources","pestsAndWeeds","wildPollinators"],"mean":[3.54545454545455,2.03448275862069,4.06060606060606],"min":[2,0,2],"max":[5,3,5],"sd":[0.71111308396191,0.778403064003002,0.788170109311512],"values":[[3,4,3,3,3,3,3,4,3,3,3,3,3,3,4,4,4,4,3,3,3,5,3,2,5,3,4,5,4,3,4,5,4,4,2,2,4,4,4,2,5,5,3,4,4,4,4,4,4,3,2,4,3,3,4,4,4,4,5,4,3,3,4,3,4,4,5,3,4,3,4,3,5,3,4,3,5,4,3,3,4,4,4,4,2,3,3,4,3,3,2,2,3,4,3,3,5,4,3,2],[2,1,2,1,2,2,2,1,2,3,2,1,2,2,2,2,1,1,2,2,2,2,2,3,2,3,2,3,2,2,2,2,2,1,2,2,1,2,2,2,1,2,2,1,3,0,0,2,2,2,3,3,1,2,3,2,2,2,2,1,2,2,1,2,2,2,3,2,2,2,2,1,3,3,2,3,2,3,2,2,2,2,1,2,1,1,2,1,2,3,2,2,1,3,3,1,2,2,3,3],[5,5,5,4,5,3,3,5,4,5,3,2,4,4,3,4,5,5,3,5,4,5,4,5,4,4,4,3,3,3,3,3,4,3,4,3,5,4,4,3,5,3,5,4,4,3,4,4,3,5,5,3,4,5,4,4,4,4,3,4,4,4,4,3,4,4,5,5,4,4,3,3,5,5,3,4,3,5,4,4,4,5,5,5,4,5,4,4,3,4,4,2,4,4,3,3,4,5,5,5]]}]},{"response":["restoration","natureProtection","urbanGreening"],"state":[{"state":["habitatResources","pestsAndWeeds","wildPollinators"],"mean":[4.09375,2.61290322580645,4.375],"min":[3,1,3],"max":[5,5,5],"sd":[0.817524785063761,1.05443252841955,0.707106781186548],"values":[[4,4,4,4,4,3,4,5,4,5,3,4,4,4,3,3,3,4,4,4,5,3,3,5,3,4,5,4,4,5,4,4,4,4,5,4,5,4,3,3,4,3,5,4,4,4,3,5,4,4,5,4,4,5,3,4,5,5,4,4,5,4,4,3,5,4,4,4,4,5,3,4,3,3,5,4,4,5,4,4,4,5,3,5,5,4,4,5,4,4,4,3,4,3,3,3,3,5,5,5],[2,3,3,3,3,2,3,1,5,3,3,3,3,3,3,3,3,2,2,3,3,4,2,2,4,2,2,3,2,2,2,2,2,2,4,2,4,1,1,3,3,3,2,2,3,2,3,4,2,2,1,2,3,3,4,3,1,1,3,4,3,2,2,1,4,3,4,3,2,1,2,3,3,2,5,1,2,2,2,3,1,1,3,2,2,2,3,3,2,2,4,3,4,2,2,2,2,2,1,1],[5,5,4,4,4,4,5,4,4,5,4,5,5,4,5,4,3,4,4,4,4,4,4,4,4,4,5,4,5,4,4,4,4,5,4,5,5,4,4,4,4,5,4,4,5,5,5,5,5,5,4,5,4,4,3,4,4,5,5,4,5,4,4,4,5,4,4,5,3,4,5,4,5,4,5,4,4,4,5,5,3,4,5,5,5,4,4,4,4,4,4,4,4,5,3,5,4,3,5,5]]},{"state":["habitatResources","pestsAndWeeds","wildPollinators"],"mean":[3.15625,2.06451612903226,3.34375],"min":[2,1,1],"max":[5,5,5],"sd":[0.883883476483184,0.892019576428221,1.06587462193141],"values":[[2,3,4,4,4,3,4,2,4,4,3,3,4,3,2,4,2,4,4,4,3,4,3,3,3,2,4,2,3,5,3,3,3,4,4,4,2,4,3,4,3,4,5,2,3,3,4,4,3,4,4,4,4,4,3,2,4,4,3,3,4,3,3,3,3,4,2,4,2,4,4,4,5,4,4,2,4,3,4,3,3,2,4,2,2,3,3,2,3,2,4,3,4,3,2,4,3,3,4,2],[2,1,1,1,2,1,2,2,3,1,2,2,2,1,1,1,2,3,1,2,1,3,1,2,2,3,3,1,4,2,1,3,2,2,2,1,1,3,3,3,2,3,3,3,2,3,1,3,2,2,3,3,2,2,1,2,3,2,3,3,2,4,1,1,2,3,1,2,1,3,2,2,3,2,2,3,1,2,3,1,3,1,1,3,2,3,3,1,2,3,1,1,2,3,2,1,1,1,1,1],[5,4,3,2,3,5,1,4,2,4,4,4,4,5,3,3,4,3,3,4,3,3,4,5,4,3,1,3,4,5,3,1,3,2,3,4,3,5,4,2,3,3,2,2,3,3,4,5,4,2,3,3,5,3,5,1,5,2,5,5,4,4,4,3,5,2,1,3,5,4,2,4,3,3,2,3,3,3,4,4,3,1,3,1,3,3,2,2,5,5,5,2,4,4,3,3,3,3,4,5]]},{"state":["habitatResources","pestsAndWeeds","wildPollinators"],"mean":[3.34375,1.93333333333333,3.875],"min":[2,1,3],"max":[5,3,5],"sd":[0.901946819117474,0.691491807283521,0.751342883796911],"values":[[5,3,3,3,3,4,5,4,3,4,2,2,4,4,3,2,3,3,4,4,3,3,3,3,5,5,3,4,3,4,2,2,3,3,2,4,2,3,3,4,2,2,3,4,2,3,3,3,3,3,5,3,3,3,2,2,4,4,3,3,2,2,3,4,3,3,4,4,3,5,4,3,4,3,3,2,3,4,2,3,2,4,3,3,4,4,3,5,4,3,3,4,3,5,2,4,2,2,2,5],[2,3,1,2,2,1,2,2,3,2,2,2,2,1,1,2,2,2,2,2,2,2,2,1,2,2,2,2,3,3,1,1,1,2,1,1,3,3,2,3,1,1,2,1,2,3,1,2,2,2,3,1,2,3,2,1,1,2,2,1,2,3,2,1,2,1,3,3,2,2,3,1,2,3,2,2,1,3,2,1,2,2,2,1,3,2,1,1,2,1,3,2,3,2,1,2,2,1,1,3],[3,5,5,5,3,4,3,4,4,5,5,4,3,3,3,5,4,4,3,4,4,3,4,5,4,4,4,5,5,5,4,3,4,4,3,4,4,4,3,5,4,5,3,4,4,5,4,4,3,4,3,5,4,4,4,5,4,4,4,5,4,4,4,5,4,4,3,3,4,3,4,4,4,3,5,4,5,4,3,4,5,4,4,5,4,4,4,3,3,3,5,3,3,4,4,4,3,3,3,5]]}]}]}
