{"habitatType":["Agricultural","Semi-natural","Urban"],"response":[{"response":["restoration","EcoIntensification","natureProtection"],"state":[{"state":["habitatResources","wildPollinators","floralResources"],"mean":[4.23529411764706,4.61764705882353,4.47058823529412],"min":[2,4,3],"max":[5,5,5],"sd":[0.7807852895958,0.493270218056382,0.662195344137054],"values":[[4,5,4,4,5,4,4,4,4,5,4,5,4,5,4,4,4,3,4,4,3,3,3,5,5,5,5,4,4,4,5,4,5,4,4,4,5,5,4,5,4,4,5,4,3,3,4,4,5,3,5,4,4,4,3,4,4,3,4,5,3,5,4,3,5,4,5,4,4,5,4,5,4,5,4,5,3,4,4,5,4,5,5,5,4,4,4,5,5,5,5,4,4,3,5,5,5,5,5,5],[5,5,4,4,4,4,4,5,5,4,5,5,5,4,5,4,4,5,5,4,4,4,4,4,5,4,5,5,5,5,4,4,5,4,5,5,5,4,5,5,5,5,5,4,4,5,4,4,5,4,4,4,4,5,5,5,4,5,4,5,4,5,4,4,5,4,4,5,5,5,5,4,4,5,5,5,4,4,4,5,5,5,4,4,4,5,5,5,4,4,5,5,5,5,5,4,4,4,5,5],[4,4,4,4,5,5,5,3,5,5,5,5,5,4,5,4,5,5,5,4,5,5,5,4,4,4,5,5,5,5,3,5,5,5,4,3,5,5,4,4,3,4,5,4,5,5,4,5,5,4,4,5,5,5,5,4,5,4,5,4,4,4,4,5,4,5,5,5,3,5,4,5,4,5,5,5,4,3,5,3,3,5,4,4,4,5,4,4,4,4,3,4,4,5,5,5,4,5,5,5]]},{"state":["habitatResources","wildPollinators","floralResources"],"mean":[3,3.51515151515152,3.24242424242424],"min":[1,2,2],"max":[5,5,5],"sd":[0.968245836551854,0.870388279778489,0.867118180753892],"values":[[4,5,3,3,4,2,1,4,3,4,3,4,2,3,4,4,2,4,2,2,4,3,4,3,3,3,2,4,5,3,2,3,3,3,1,4,1,3,2,5,3,2,3,3,4,3,2,1,2,4,3,3,3,2,4,3,4,3,4,4,3,2,3,2,2,2,3,2,2,3,4,3,1,3,2,2,5,3,4,3,4,5,2,4,3,4,1,4,4,4,2,4,5,3,2,2,3,3,3,5],[3,3,5,4,4,2,3,2,4,3,4,3,4,4,4,3,4,3,4,3,3,3,3,4,3,2,5,4,4,3,4,4,3,4,4,3,2,3,5,4,4,4,4,3,3,4,2,4,3,4,4,3,3,4,4,5,4,3,4,4,3,3,4,4,3,2,3,3,3,3,3,4,4,2,5,3,3,4,3,3,5,4,5,3,4,5,3,4,3,4,5,3,4,3,3,4,3,2,5,5],[3,3,3,3,2,3,4,4,4,3,3,4,3,4,4,3,3,3,2,4,2,4,4,2,4,4,3,4,3,4,3,2,3,2,3,2,3,4,4,4,3,3,4,4,3,3,4,2,3,2,2,3,4,3,2,4,3,3,3,4,5,4,3,3,3,2,3,4,4,4,2,3,2,2,4,4,3,5,3,3,2,3,2,5,4,3,3,3,5,2,4,2,4,4,2,2,3,3,2,2]]},{"state":["habitatResources","wildPollinators","floralResources"],"mean":[3.32352941176471,3.67647058823529,3.58823529411765],"min":[2,3,2],"max":[5,5,5],"sd":[0.726994153421287,0.638207159076591,0.783064959526213],"values":[[3,3,3,3,4,2,3,3,3,3,2,3,2,4,5,3,4,2,3,3,3,3,4,3,4,3,2,3,3,3,3,4,4,4,4,2,4,3,2,2,2,3,3,3,3,4,4,3,3,3,3,2,4,3,4,2,3,4,3,2,3,4,3,4,4,4,4,4,4,4,3,3,3,3,4,3,3,4,4,4,3,3,4,4,4,5,3,4,3,2,3,2,3,4,4,3,2,3,2,2],[4,3,4,3,4,3,3,4,3,3,4,4,3,4,4,3,4,4,3,5,3,4,4,4,4,3,3,3,3,3,3,3,3,4,4,4,5,4,3,3,3,3,4,3,4,3,3,3,3,4,4,3,3,3,4,4,4,4,4,3,4,4,3,3,4,4,3,4,4,4,3,3,4,3,4,5,3,4,4,4,4,4,5,4,3,3,4,5,4,4,4,3,3,4,3,4,3,3,3,5],[3,3,3,4,2,5,4,4,3,3,2,3,4,2,5,3,5,4,4,5,4,4,5,4,3,4,3,3,4,3,4,3,4,4,4,3,2,3,3,3,4,3,2,4,2,3,5,3,3,5,4,5,3,4,2,3,5,3,3,3,3,3,5,4,3,4,3,4,4,3,3,4,5,4,3,4,4,4,3,4,3,4,3,3,4,4,4,3,4,3,4,3,4,4,3,3,4,2,4,3]]}]},{"response":["restoration","natureProtection"],"state":[{"state":["habitatResources","wildPollinators","floralResources"],"mean":[4.24242424242424,4.54545454545455,4.54545454545455],"min":[2,2,2],"max":[5,5,5],"sd":[0.791766341412629,0.753778361444409,0.753778361444409],"values":[[4,4,3,4,3,5,4,4,5,5,4,4,4,3,5,5,5,5,3,3,3,4,5,5,4,5,3,4,4,4,4,4,4,5,4,5,4,4,4,4,5,5,2,4,5,3,5,4,4,3,4,5,5,2,4,4,5,4,3,4,4,4,4,4,5,4,4,5,5,4,5,5,4,4,4,5,5,5,4,5,4,4,5,4,4,4,5,5,4,4,4,5,4,3,5,3,4,5,5,5],[5,4,2,4,4,3,2,4,5,4,4,5,4,4,4,4,5,3,5,4,5,5,4,5,5,4,4,4,4,5,4,4,5,5,5,4,3,4,3,4,4,4,4,5,4,3,4,4,5,5,5,4,5,3,5,4,4,5,5,5,4,5,5,5,4,4,5,5,3,5,4,4,5,4,5,4,4,4,5,5,4,4,5,5,5,4,3,4,4,5,5,5,5,5,5,5,5,5,5,5],[5,5,5,4,5,4,5,5,4,4,5,5,5,4,5,4,5,5,4,4,4,5,3,3,5,4,4,5,4,5,5,5,4,5,5,5,3,5,5,5,4,5,4,5,4,5,5,4,4,3,4,4,5,3,4,4,4,3,4,4,5,5,5,5,5,5,5,5,3,4,5,5,5,5,5,4,5,5,4,4,5,3,4,4,5,5,5,5,5,5,5,5,5,5,5,5,5,5,5,5]]},{"state":["habitatResources","wildPollinators","floralResources"],"mean":[3.54545454545455,4.06060606060606,3.96969696969697],"min":[2,2,2],"max":[5,5,5],"sd":[0.71111308396191,0.788170109311512,0.809507893910263],"values":[[4,3,4,5,3,4,3,3,4,3,3,4,5,4,4,2,3,2,4,4,3,4,3,3,3,4,4,4,4,4,4,5,2,4,4,4,4,3,2,4,3,3,3,2,3,3,4,4,3,3,2,3,4,4,3,3,5,3,2,2,3,4,4,4,3,2,4,3,4,3,3,4,5,4,3,2,4,3,4,3,3,3,4,3,3,4,4,3,3,2,2,4,3,3,3,4,4,2,3,5],[3,4,5,4,4,3,4,4,3,3,5,4,4,4,4,4,4,4,5,4,4,3,5,4,4,4,4,2,3,3,5,4,4,5,3,4,5,4,5,4,4,4,4,4,5,3,4,5,5,5,4,4,5,5,4,4,3,4,4,4,5,5,5,5,5,4,3,3,3,3,3,4,5,5,4,3,4,3,4,3,4,4,4,5,5,5,4,4,5,5,2,3,5,5,5,5,5,5,5,5],[4,4,5,4,3,5,4,3,4,4,3,5,3,5,3,4,5,4,4,4,3,5,3,3,4,4,4,3,4,4,4,3,3,3,5,4,4,4,4,3,3,4,5,3,5,3,4,4,4,5,3,3,4,2,4,4,4,4,4,4,3,4,3,5,5,4,3,4,4,3,4,3,4,5,4,3,4,5,4,3,4,5,3,3,4,2,3,4,4,3,4,4,5,4,4,3,3,5,5,5]]}]},{"response":["restoration","natureProtection","urbanGreening"],"state":[{"state":["habitatResources","wildPollinators","floralResources"],"mean":[4.09375,4.375,4.3125],"min":[3,3,3],"max":[5,5,5],"sd":[0.817524785063761,0.707106781186548,0.820601667542903],"values":[[5,4,5,4,5,4,5,4,5,3,4,5,4,4,4,4,4,5,5,5,4,3,5,5,5,4,5,3,4,3,3,3,4,5,4,5,4,4,3,5,4,4,5,5,4,5,3,4,3,3,3,5,4,4,4,4,3,4,3,5,4,4,4,4,4,4,3,3,5,5,4,5,3,3,5,5,4,5,4,5,3,5,4,5,4,4,4,3,5,3,4,3,3,3,3,5,5,5,5,5],[4,3,4,4,3,5,5,4,3,4,4,5,4,5,4,5,3,4,4,4,4,5,4,5,5,4,4,4,5,3,4,5,4,3,4,4,3,5,4,4,3,4,5,4,4,4,4,4,4,3,5,4,5,5,5,5,4,5,4,5,5,4,4,5,5,5,4,5,4,5,5,5,4,5,4,5,4,5,4,5,4,4,4,3,5,5,4,4,3,4,3,5,4,3,4,4,5,5,5,5],[4,5,5,4,5,4,5,4,5,5,4,4,5,4,4,4,4,5,3,4,4,4,4,5,4,5,3,4,5,4,3,4,4,5,5,5,4,4,5,3,4,4,5,4,3,3,3,5,4,4,4,4,4,4,5,4,4,5,4,5,5,3,4,5,4,5,4,4,4,4,4,4,4,3,5,5,4,4,4,3,4,5,5,3,4,4,5,5,4,4,5,4,5,4,3,5,5,5,5,5]]},{"state":["habitatResources","wildPollinators","floralResources"],"mean":[3.15625,3.34375,3.4375],"min":[2,1,2],"max":[5,5,5],"sd":[0.883883476483184,1.06587462193141,0.840026881290309],"values":[[4,2,3,2,3,3,5,3,3,2,2,4,4,3,4,3,4,3,5,3,3,4,3,2,2,3,4,3,2,4,2,4,4,3,3,3,3,4,4,2,3,2,3,3,3,3,2,3,4,3,3,3,4,3,3,3,3,4,4,3,4,2,3,4,3,3,3,4,2,2,4,3,4,4,5,2,2,3,5,4,4,3,2,4,3,5,2,5,4,4,2,3,2,4,4,5,4,4,2,2],[3,4,2,4,2,2,1,4,3,4,4,3,3,3,4,3,3,3,1,3,4,2,4,3,3,5,5,2,2,4,2,4,4,3,3,1,3,2,3,4,4,5,4,3,3,4,2,4,5,3,4,4,3,5,4,2,4,5,1,2,2,3,4,3,1,2,3,3,4,5,3,4,4,5,3,2,4,5,2,3,4,2,4,4,1,5,3,3,2,4,5,4,3,3,4,5,5,5,5,5],[4,3,4,3,3,4,4,4,2,4,4,4,3,4,3,3,2,4,3,3,3,3,2,3,4,4,2,3,4,3,2,4,4,4,4,4,4,3,3,2,3,3,5,3,5,3,3,2,4,5,3,4,3,4,5,3,4,4,3,4,4,3,3,4,4,4,3,4,4,3,3,5,5,3,4,4,4,4,3,4,3,3,3,3,3,3,3,4,3,3,4,3,3,4,3,5,3,4,2,5]]},{"state":["habitatResources","wildPollinators","floralResources"],"mean":[3.34375,3.875,3.90625],"min":[2,3,2],"max":[5,5,5],"sd":[0.901946819117474,0.751342883796911,0.817524785063761],"values":[[4,4,2,4,3,5,3,3,3,4,3,4,3,2,3,4,4,3,3,5,3,3,4,2,4,5,2,2,3,2,4,3,4,3,5,4,4,3,3,3,2,4,4,5,2,5,3,4,3,4,3,4,3,3,4,5,4,4,3,3,4,4,3,4,4,4,3,2,3,5,2,3,4,2,2,3,2,3,4,2,4,4,3,3,3,4,3,3,2,4,5,3,3,3,4,2,4,2,5,2],[4,4,3,5,5,4,5,5,3,4,4,4,3,3,3,4,4,3,4,4,4,3,4,4,4,3,4,5,4,4,4,3,4,5,4,4,3,3,3,4,5,4,3,5,4,5,4,4,4,4,4,3,4,4,5,5,4,3,4,3,4,5,4,4,4,4,4,4,3,4,3,4,5,4,5,3,4,3,3,4,4,5,3,4,4,3,5,5,3,3,4,3,3,3,3,3,3,3,3,5],[4,3,5,5,3,3,4,5,5,5,3,4,4,3,2,4,5,3,4,5,5,4,4,3,4,2,3,4,4,4,4,3,5,4,5,5,3,3,5,3,5,4,4,3,2,3,4,5,2,3,4,3,5,3,4,4,4,4,3,4,4,4,3,2,3,2,5,3,3,4,4,4,4,2,4,3,4,3,5,4,3,3,3,2,4,4,4,3,3,4,3,3,2,4,4,5,5,5,5,5]]}]}]}
