{"habitatType":["Agricultural","Urban","Semi-natural"],"state":[{"state":["wildPollinators","floralResources","habitatResources"],"impact":[{"impact":["cropPollinationProduction","economicValueChain","wildPlantPollination","aestheticValues"],"mean":[4.42857142857143,3.87878787878788,4.82857142857143,3.47058823529412],"min":[3,2,3,1],"max":[5,5,5,5],"sd":[0.654653670707977,0.927280154456292,0.45281565433046,0.991946177598027],"values":[[5,4,4,4,5,4,4,4,4,4,4,4,5,5,5,4,5,5,4,4,5,3,4,5,5,4,5,5,3,5,3,5,5,4,4,5,5,4,5,5,5,3,5,4,5,4,4,4,3,5,3,5,4,5,4,5,4,5,4,5,5,5,5,5,4,5,5,4,5,4,4,4,4,5,4,4,3,4,4,4,5,4,3,5,5,5,4,4,5,3,5,4,5,3,4,5,5,5,5,5],[4,4,4,4,5,3,4,4,5,4,4,4,4,4,4,5,5,4,3,3,3,5,2,4,4,4,5,4,3,3,4,4,2,4,5,4,3,3,4,3,4,5,3,5,5,4,5,3,4,4,3,3,3,5,3,4,5,4,5,3,4,4,4,5,3,4,3,4,3,5,4,5,3,4,4,4,3,5,5,5,4,4,3,4,3,4,5,3,5,4,4,4,4,3,4,4,4,5,5,5],[5,4,5,4,4,5,4,5,5,5,5,5,4,4,5,4,5,5,5,4,5,5,5,4,5,5,5,5,5,4,5,4,5,5,5,5,4,4,4,4,5,5,5,5,4,5,5,5,5,5,5,5,5,5,5,5,5,5,4,5,5,4,5,4,5,5,4,4,5,5,5,4,5,5,5,5,5,5,5,4,5,5,5,5,4,5,5,5,5,4,4,5,5,4,5,5,5,5,5,5],[4,4,4,3,3,4,3,3,3,4,2,4,4,4,4,3,4,5,4,1,3,3,3,2,4,2,1,3,3,3,5,3,3,4,3,5,4,5,2,1,2,4,3,5,4,4,4,1,3,2,2,2,3,3,5,4,3,3,3,3,2,5,2,5,5,3,3,4,4,4,4,3,4,4,3,5,4,4,4,4,4,4,4,4,3,5,1,4,4,3,3,5,2,5,5,3,3,4,3,5]]},{"impact":["cropPollinationProduction","economicValueChain","wildPlantPollination","aestheticValues"],"mean":[3.62857142857143,2.96969696969697,3.91428571428571,4.33333333333333],"min":[1,1,2,1],"max":[5,5,5,5],"sd":[0.770244968126615,1.07485023622039,0.817867692860655,1.05079335107654],"values":[[5,3,5,4,4,5,2,5,4,2,3,2,4,3,4,5,4,5,2,4,2,3,4,4,3,4,3,4,4,5,3,3,5,2,4,3,4,4,4,3,5,4,3,3,4,4,2,4,4,4,5,5,3,3,4,3,4,3,3,4,4,3,3,3,3,3,4,4,3,4,3,4,4,4,3,4,4,4,5,5,3,4,3,4,3,3,4,3,4,5,4,2,3,3,3,5,4,4,4,5],[3,4,2,2,3,5,2,2,3,3,3,3,4,3,2,1,2,3,4,2,2,4,4,2,5,5,3,2,2,3,3,3,2,2,4,4,3,4,3,3,1,1,4,4,3,3,2,3,4,1,2,5,2,4,2,4,4,4,2,1,1,1,3,2,4,4,1,2,4,2,4,2,1,3,3,3,3,4,4,5,2,5,3,4,2,4,3,3,3,4,4,2,4,3,4,3,2,1,1,5],[5,4,5,4,4,4,5,4,5,3,3,3,4,3,5,4,4,4,3,2,4,2,4,3,5,2,5,4,2,4,5,4,4,3,3,4,4,2,4,3,4,5,3,4,4,4,4,4,5,4,4,3,4,4,4,4,4,4,4,4,3,4,5,3,3,5,3,4,3,5,4,4,4,4,3,5,2,3,5,5,4,4,4,5,5,4,4,5,5,4,5,4,4,4,4,5,2,5,5,5],[4,5,5,4,4,5,3,5,4,3,5,3,4,5,4,5,4,5,4,5,3,4,4,2,5,3,5,5,4,3,2,5,4,4,1,4,5,3,5,4,2,5,3,4,4,5,3,5,4,4,3,3,4,4,5,4,4,4,4,3,4,5,4,3,3,5,5,4,4,4,4,3,5,4,4,4,4,4,5,5,5,5,5,5,5,5,5,5,5,5,5,5,5,5,5,5,5,5,5,5]]},{"impact":["cropPollinationProduction","economicValueChain","wildPlantPollination","aestheticValues"],"mean":[3.34285714285714,2.6969696969697,3.65714285714286,3.06060606060606],"min":[1,1,2,1],"max":[5,5,5,5],"sd":[0.90563130866092,1.07485023622039,0.872550593269597,1.08798534972311],"values":[[1,4,4,4,5,3,4,4,4,2,3,2,3,2,4,5,4,4,2,5,3,4,5,2,5,1,5,2,4,3,4,4,3,5,4,4,5,3,2,3,3,4,2,4,2,2,5,4,5,3,3,4,4,5,4,3,3,4,3,3,4,5,1,5,4,3,3,3,4,4,4,2,5,2,4,4,2,4,3,5,4,5,4,4,4,4,2,3,3,3,3,3,3,4,3,5,5,3,3,4],[1,3,1,3,2,3,3,3,2,4,2,3,4,4,4,4,3,2,3,3,3,3,2,4,4,4,3,3,2,2,3,3,2,1,2,2,3,3,1,2,3,4,4,4,1,2,3,5,1,4,4,1,3,3,2,2,3,3,1,3,4,4,1,2,3,2,1,4,3,3,2,2,2,2,4,3,3,2,2,3,2,4,1,3,3,2,2,3,3,3,4,3,2,2,3,1,3,4,1,5],[3,4,4,5,3,3,3,4,4,3,4,3,4,4,3,4,4,2,3,3,3,3,5,3,4,3,3,5,3,4,4,4,4,4,4,3,4,4,4,2,3,3,5,5,2,4,4,5,4,3,4,2,5,3,4,4,2,4,2,4,4,4,5,3,3,3,5,3,3,2,4,2,4,4,4,2,3,4,2,4,4,4,4,4,3,3,4,3,4,3,4,3,3,4,4,2,2,5,5,5],[5,2,5,4,4,1,3,2,2,3,2,4,3,3,4,5,5,2,4,4,4,2,4,5,2,2,2,3,3,2,4,2,5,3,1,3,4,3,2,1,4,4,4,4,1,2,5,3,3,1,4,4,2,2,4,4,2,2,3,4,3,1,3,2,2,3,3,2,3,3,3,4,3,2,3,5,3,2,3,2,4,2,3,4,5,3,5,2,5,3,3,1,2,3,5,5,5,5,5,5]]}]},{"state":["wildPollinators","floralResources","habitatResources"],"impact":[{"impact":["cropPollinationProduction","economicValueChain","wildPlantPollination","aestheticValues"],"mean":[3.5,2.83870967741935,4.54545454545455,3.5],"min":[0,0,3,1],"max":[5,5,5,5],"sd":[1.16397539049476,1.24088071394335,0.71111308396191,1.13592366849413],"values":[[3,4,3,4,4,3,4,4,3,4,3,3,4,2,4,3,4,4,4,3,1,4,4,3,4,3,5,3,4,3,4,3,4,5,2,4,1,4,2,2,4,3,3,2,3,5,4,4,4,3,3,3,5,4,5,4,4,3,2,5,3,4,4,3,1,3,5,2,4,3,5,4,3,4,3,4,2,2,5,1,3,3,5,3,3,4,1,3,2,5,3,4,3,3,3,3,4,0,5,5],[4,4,3,2,2,2,2,3,4,5,4,4,2,4,0,3,1,3,3,3,3,1,2,1,3,0,2,3,2,2,3,3,3,5,2,2,3,3,1,4,1,3,3,1,4,1,3,3,4,3,3,2,4,2,3,2,1,2,3,3,3,3,2,4,1,3,2,1,4,4,5,1,1,3,1,1,4,2,2,2,1,5,4,1,1,3,2,2,4,3,0,4,5,4,3,5,3,3,2,3],[4,5,4,4,5,5,5,4,4,5,4,4,4,5,4,4,4,4,5,5,5,5,5,4,3,4,4,5,5,5,3,4,5,5,4,5,4,4,5,4,4,4,5,5,4,4,5,4,4,5,5,4,5,5,5,4,4,3,4,4,4,5,4,5,4,5,5,3,5,5,4,4,3,4,5,4,5,4,5,3,4,4,4,5,4,4,4,4,4,5,5,5,5,5,5,5,5,5,5,5],[4,4,4,4,3,3,2,4,5,2,5,3,3,5,4,4,4,3,2,3,4,4,3,3,5,4,5,2,5,4,3,5,5,5,2,3,2,3,5,4,5,4,4,4,3,3,3,5,3,2,4,5,4,4,4,5,4,3,4,3,4,4,4,2,5,4,2,5,3,4,3,3,4,3,3,2,4,4,2,3,4,5,3,4,5,2,4,4,3,4,3,3,4,5,4,3,3,1,5,5]]},{"impact":["cropPollinationProduction","economicValueChain","wildPlantPollination","aestheticValues"],"mean":[3.09375,2.33333333333333,3.81818181818182,4.2258064516129],"min":[0,0,2,2],"max":[5,5,5,5],"sd":[1.08833625615047,1.29543850473121,0.882274951990076,1.08657496809485],"values":[[2,4,3,3,3,1,4,5,4,4,3,3,2,2,4,2,2,5,3,1,3,5,4,4,3,4,3,2,3,2,4,3,4,3,2,3,4,4,4,3,4,3,4,4,3,4,5,3,1,5,3,3,3,2,5,2,3,4,2,3,3,2,2,2,4,4,3,3,2,3,2,2,3,3,5,3,3,4,4,0,1,4,4,2,5,2,3,4,3,2,2,3,3,3,4,3,1,3,2,3],[1,4,4,4,2,3,2,4,4,1,2,4,3,2,3,2,2,1,1,2,2,0,1,1,3,3,4,2,3,2,1,3,1,2,3,2,1,2,2,4,2,4,1,2,4,3,3,4,2,2,3,4,5,3,5,2,2,2,-0,4,1,2,2,3,3,3,3,3,1,2,1,1,2,1,2,4,2,2,1,3,4,2,3,3,4,3,2,3,-0,4,3,3,1,5,1,2,3,4,0,5],[4,4,4,4,3,5,3,4,3,4,3,2,4,4,4,4,4,3,4,2,4,5,4,4,5,4,4,4,4,3,3,2,3,5,4,3,2,3,3,5,3,4,4,5,4,4,4,4,5,3,5,4,3,3,4,4,4,4,5,4,4,3,4,5,4,4,5,4,3,3,4,3,4,5,3,4,4,5,4,3,3,4,3,4,4,5,2,2,2,4,3,5,3,4,4,4,2,5,5,5],[4,5,3,4,4,5,3,4,5,4,3,3,3,5,4,3,3,4,4,4,4,2,5,5,4,3,3,4,5,5,3,5,5,3,4,3,2,5,4,5,3,3,5,4,2,4,4,4,4,4,4,4,3,5,4,3,3,4,2,4,5,5,4,3,5,4,4,4,3,5,4,5,4,4,4,4,5,5,4,4,5,5,5,4,5,4,4,5,5,5,5,5,5,5,5,5,5,5,5,5]]},{"impact":["cropPollinationProduction","economicValueChain","wildPlantPollination","aestheticValues"],"mean":[3.03125,2.20689655172414,3.45454545454545,3],"min":[0,0,2,1],"max":[5,4,5,5],"sd":[1.12118528870696,1.17653578492198,0.971175482691886,1.09544511501033],"values":[[4,2,4,2,4,2,4,3,4,4,4,3,2,3,1,3,3,4,2,5,4,4,4,3,2,4,3,3,3,3,4,3,3,2,5,4,4,4,2,2,5,3,4,4,4,4,0,4,3,3,4,2,4,4,4,4,3,3,5,3,3,1,3,3,3,3,4,1,1,4,4,3,2,4,4,3,3,3,3,3,5,5,3,1,2,3,3,1,4,4,4,4,3,1,4,3,3,5,5,5],[3,4,3,2,3,4,0,2,2,3,4,3,2,3,1,3,1,3,2,2,1,3,1,3,2,2,2,2,1,1,2,3,3,3,3,1,3,0,1,2,3,3,4,1,1,1,4,4,3,2,2,3,3,4,2,2,2,3,1,4,3,1,1,4,4,0,2,2,2,3,1,1,3,1,3,3,2,3,4,4,3,2,2,-0,1,3,3,3,0,2,2,3,1,4,2,1,2,4,4,4],[3,3,3,3,3,4,4,2,4,5,3,4,5,4,4,4,3,3,2,2,3,3,4,3,3,4,4,4,3,2,3,2,4,3,3,3,5,4,4,3,3,3,3,4,5,3,3,4,2,4,2,4,4,3,5,3,3,3,3,4,2,4,3,5,2,4,4,5,4,4,4,4,4,3,3,5,5,3,3,2,2,3,4,4,4,4,4,4,4,3,3,3,3,3,4,4,2,2,2,2],[5,3,3,3,1,3,2,3,1,4,4,3,3,5,2,4,2,3,2,5,1,2,4,3,4,2,5,1,2,2,2,4,1,2,2,2,4,1,2,3,3,4,3,4,4,5,3,1,4,2,2,3,3,2,5,3,4,4,3,4,4,3,2,3,4,2,2,3,3,3,2,1,5,3,4,3,3,3,2,3,3,3,2,2,2,3,3,4,3,5,4,3,4,2,4,5,3,2,1,5]]}]},{"state":["wildPollinators","floralResources","habitatResources"],"impact":[{"impact":["wildPlantPollination","aestheticValues"],"mean":[4.88235294117647,3.84848484848485],"min":[3,2],"max":[5,5],"sd":[0.409338407999805,0.939455032226534],"values":[[5,4,5,5,4,4,5,5,4,5,5,5,5,5,5,5,5,5,5,5,5,5,5,5,5,5,5,5,5,5,5,5,5,5,5,5,5,5,5,4,5,5,5,4,5,5,5,4,5,5,5,5,5,5,5,5,5,5,5,5,4,5,5,5,5,4,4,4,5,4,5,5,5,5,5,5,5,5,5,5,5,5,5,5,5,5,5,5,5,4,4,5,5,4,5,5,5,5,5,5],[4,4,2,5,4,3,5,3,4,3,3,3,4,4,5,5,4,4,4,3,4,4,4,3,3,4,4,3,4,3,4,4,4,2,4,4,4,5,2,2,4,5,5,3,4,3,3,3,5,4,5,3,5,5,4,4,5,4,5,3,3,5,4,4,2,4,3,4,4,4,3,3,3,4,3,4,3,2,4,3,4,3,4,3,4,4,3,4,3,5,4,4,4,2,4,2,5,5,5,5]]},{"impact":["wildPlantPollination","aestheticValues"],"mean":[3.97058823529412,4.4375],"min":[2,1],"max":[5,5],"sd":[0.834313149466403,0.981687158630159],