{
  "habitatType": ["Agricultural", "Urban", "Semi-natural"],
  "state": [
    {
      "state": ["wildPollinators", "habitatResources", "pestsAndWeeds"],
      "impact": [
        {
          "impact": [
            "cropPollinationProduction",
            "economicValueChain",
            "wildPlantPollination",
            "aestheticValues"
          ],
          "mean": [
            4.42857142857143, 3.87878787878788, 4.82857142857143,
            3.47058823529412
          ],
          "min": [3, 2, 3, 1],
          "max": [5, 5, 5, 5],
          "sd": [
            0.654653670707977, 0.927280154456292, 0.45281565433046,
            0.991946177598027
          ],
          "values": [
            [
              4, 5, 5, 5, 3, 5, 4, 4, 5, 4, 5, 5, 4, 5, 3, 5, 5, 4, 3, 3, 4, 3,
              4, 4, 5, 5, 4, 4, 4, 4, 5, 4, 4, 5, 5, 4, 4, 4, 4, 5, 5, 5, 5, 4,
              4, 5, 5, 4, 4, 5, 4, 5, 5, 3, 4, 5, 4, 4, 4, 5, 4, 4, 5, 4, 5, 4,
              4, 4, 4, 5, 4, 4, 4, 3, 5, 4, 4, 3, 5, 4, 4, 4, 4, 5, 5, 5, 4, 5,
              4, 4, 5, 4, 5, 5, 5, 5, 5, 5, 5, 5
            ],
            [
              4, 2, 4, 5, 4, 4, 2, 5, 3, 3, 5, 3, 4, 3, 5, 2, 4, 5, 4, 5, 5, 3,
              4, 4, 5, 4, 3, 3, 2, 5, 4, 4, 3, 3, 5, 3, 5, 3, 4, 3, 4, 3, 3, 5,
              2, 4, 4, 3, 3, 4, 4, 5, 4, 3, 4, 3, 5, 5, 2, 3, 2, 4, 2, 5, 5, 4,
              4, 4, 4, 4, 5, 4, 4, 4, 5, 4, 5, 4, 5, 3, 2, 3, 4, 3, 2, 3, 5, 5,
              3, 4, 2, 3, 4, 4, 3, 3, 4, 5, 5, 5
            ],
            [
              5, 5, 4, 4, 4, 5, 4, 4, 5, 5, 5, 5, 5, 5, 5, 5, 5, 4, 5, 5, 5, 4,
              5, 5, 4, 4, 5, 4, 4, 5, 5, 5, 5, 5, 4, 4, 5, 5, 5, 5, 5, 5, 4, 5,
              4, 5, 5, 5, 4, 4, 5, 5, 5, 5, 5, 4, 5, 5, 5, 4, 4, 5, 5, 4, 5, 5,
              5, 5, 5, 5, 5, 4, 4, 5, 5, 4, 5, 5, 5, 5, 5, 5, 5, 5, 5, 5, 4, 4,
              5, 5, 4, 5, 5, 5, 5, 5, 5, 5, 5, 5
            ],
            [
              4, 3, 3, 4, 2, 4, 1, 4, 3, 4, 4, 4, 3, 4, 5, 5, 5, 3, 4, 3, 4, 1,
              3, 2, 4, 4, 4, 3, 2, 3, 2, 5, 4, 5, 5, 5, 3, 4, 4, 3, 4, 3, 3, 3,
              1, 3, 4, 3, 5, 2, 4, 3, 2, 5, 3, 4, 4, 3, 3, 4, 4, 3, 4, 4, 4, 3,
              5, 3, 4, 5, 3, 3, 4, 3, 1, 4, 4, 3, 4, 1, 4, 4, 4, 3, 3, 4, 4, 4,
              4, 5, 3, 4, 3, 4, 2, 3, 1, 5, 5, 5
            ]
          ]
        },
        {
          "impact": [
            "cropPollinationProduction",
            "economicValueChain",
            "wildPlantPollination",
            "aestheticValues"
          ],
          "mean": [
            3.34285714285714, 2.6969696969697, 3.65714285714286,
            3.06060606060606
          ],
          "min": [1, 1, 2, 1],
          "max": [5, 5, 5, 5],
          "sd": [
            0.90563130866092, 1.07485023622039, 0.872550593269597,
            1.08798534972311
          ],
          "values": [
            [
              2, 2, 4, 3, 3, 4, 4, 3, 2, 4, 4, 4, 3, 3, 2, 4, 5, 1, 3, 4, 4, 5,
              3, 4, 3, 3, 4, 1, 3, 3, 4, 3, 5, 4, 3, 4, 3, 2, 3, 4, 3, 4, 3, 3,
              3, 3, 2, 2, 4, 5, 3, 4, 3, 5, 4, 3, 4, 2, 3, 3, 4, 3, 5, 4, 4, 5,
              2, 2, 4, 4, 4, 4, 3, 3, 3, 4, 3, 3, 4, 2, 2, 3, 3, 4, 4, 3, 3, 3,
              2, 3, 4, 3, 4, 3, 2, 4, 3, 4, 3, 2
            ],
            [
              2, 3, 3, 2, 4, 2, 3, 4, 3, 4, 3, 2, 1, 4, 2, 5, 2, 3, 2, 4, 2, 3,
              3, 1, 5, 3, 2, 1, 3, 3, 3, 1, 2, 4, 1, 2, 5, 3, 4, 1, 4, 3, 3, 5,
              2, 4, 1, 2, 3, 4, 3, 2, 2, 2, 2, 4, 4, 1, 1, 2, 1, 4, 4, 2, 3, 5,
              3, 4, 2, 4, 3, 2, 4, 3, 2, 4, 2, 4, 3, 3, 3, 2, 3, 2, 2, 1, 3, 2,
              2, 3, 2, 3, 4, 2, 1, 4, 1, 1, 1, 1
            ],
            [
              3, 4, 4, 5, 5, 4, 3, 4, 4, 4, 4, 4, 3, 4, 4, 4, 4, 3, 3, 3, 2, 3,
              5, 4, 5, 4, 3, 4, 4, 4, 4, 5, 2, 5, 4, 4, 3, 4, 5, 4, 2, 4, 3, 5,
              4, 5, 5, 4, 3, 4, 2, 4, 2, 3, 3, 2, 4, 4, 3, 4, 4, 3, 3, 3, 3, 3,
              5, 5, 5, 3, 3, 5, 4, 3, 3, 4, 4, 3, 3, 3, 2, 5, 4, 4, 3, 2, 5, 4,
              3, 3, 4, 4, 3, 3, 3, 2, 5, 5, 5, 5
            ],
            [
              5, 3, 3, 4, 3, 3, 2, 2, 3, 3, 3, 3, 5, 4, 2, 5, 4, 4, 5, 4, 3, 3,
              1, 3, 3, 5, 3, 3, 5, 4, 3, 3, 3, 2, 3, 3, 4, 3, 2, 3, 3, 5, 4, 4,
              4, 4, 4, 3, 4, 3, 2, 3, 4, 4, 4, 2, 3, 3, 2, 3, 4, 2, 2, 2, 2, 4,
              3, 3, 2, 4, 3, 3, 3, 2, 4, 3, 3, 3, 3, 4, 1, 3, 3, 3, 3, 2, 3, 4,
              3, 4, 4, 3, 2, 2, 3, 3, 1, 5, 5, 5
            ]
          ]
        },
        {
          "impact": [
            "cropPollinationProduction",
            "economicValueChain",
            "wildPlantPollination",
            "aestheticValues"
          ],
          "mean": [
            3.54545454545455, 3.32258064516129, 2.13793103448276, 2.4375
          ],
          "min": [1, 2, 0, 1],
          "max": [5, 5, 4, 4],
          "sd": [
            1.06333523320814, 0.979356822075711, 0.953345160513175,
            0.913606818798349
          ],
          "values": [
            [
              1, 3, 4, 5, 2, 5, 3, 3, 4, 2, 4, 4, 3, 4, 4, 3, 3, 3, 3, 4, 4, 5,
              5, 3, 4, 3, 5, 5, 4, 3, 5, 5, 4, 4, 5, 4, 3, 4, 2, 3, 4, 4, 5, 4,
              4, 2, 4, 3, 3, 5, 4, 4, 4, 5, 4, 3, 2, 2, 2, 2, 4, 2, 3, 3, 2, 4,
              4, 3, 4, 2, 4, 4, 5, 4, 2, 4, 2, 3, 5, 4, 3, 5, 5, 3, 5, 4, 4, 4,
              3, 3, 5, 3, 5, 4, 2, 3, 2, 2, 5, 5
            ],
            [
              3, 2, 3, 2, 4, 3, 4, 3, 5, 4, 4, 3, 3, 3, 3, 5, 4, 3, 2, 4, 3, 3,
              5, 4, 4, 3, 3, 5, 4, 2, 4, 3, 4, 4, 3, 2, 2, 3, 2, 4, 3, 4, 4, 2,
              3, 4, 2, 5, 3, 4, 3, 4, 2, 2, 2, 4, 4, 2, 3, 3, 4, 4, 3, 4, 3, 3,
              2, 3, 5, 2, 4, 4, 4, 3, 3, 2, 3, 4, 3, 4, 5, 3, 4, 2, 4, 4, 2, 4,
              2, 5, 4, 4, 3, 2, 4, 2, 2, 2, 2, 5
            ],
            [
              1, 3, 1, 1, 3, 3, 3, 4, 2, 4, 2, 3, 2, 2, 2, 3, 2, 3, 2, 0, 2, 3,
              1, 3, 2, 2, 3, 3, 2, 2, 2, 2, 3, 1, 1, 1, 4, 2, 3, 1, 3, 3, 1, 3,
              2, 2, 2, 1, 3, 3, 4, 1, 1, 1, 2, 2, 2, -0, 2, 2, 2, 1, 2, 3, 4, 1,
              1, 1, 2, 2, 1, 2, 4, 3, -0, 2, 2, 2, 1, 4, 2, 3, 2, 1, 2, 3, 4, 2,
              3, 1, 4, 2, 3, 2, 2, 3, 2, 2, 3, 2
            ],
            [
              3, 2, 4, 1, 2, 3, 3, 2, 3, 2, 4, 4, 3, 4, 3, 3, 2, 1, 2, 3, 2, 2,
              2, 3, 2, 3, 2, 3, 3, 3, 3, 2, 3, 1, 2, 3, 2, 3, 3, 4, 2, 3, 1, 4,
              2, 4, 3, 3, 2, 1, 4, 2, 2, 4, 3, 1, 2, 3, 2, 4, 3, 2, 3, 2, 2, 3,
              2, 1, 2, 2, 2, 3, 2, 4, 2, 2, 2, 3, 2, 3, 2, 3, 3, 1, 2, 2, 3, 3,
              2, 1, 2, 3, 2, 2, 3, 4, 2, 2, 1, 4
            ]
          ]
        }
      ]
    },
    {
      "state": ["wildPollinators", "habitatResources", "pestsAndWeeds"],
      "impact": [
        {
          "impact": [
            "cropPollinationProduction",
            "economicValueChain",
            "wildPlantPollination",
            "aestheticValues"
          ],
          "mean": [3.5, 2.83870967741935, 4.54545454545455, 3.5],
          "min": [0, 0, 3, 1],
          "max": [5, 5, 5, 5],
          "sd": [
            1.16397539049476, 1.24088071394335, 0.71111308396191,
            1.13592366849413
          ],